image_path,pin_title,pin_description,destination_url,board_name
02_Social/pinterest/pins/pin_001.jpg,Central Park: Urban Green Sanctuary,"Central Park: Urban Green Sanctuary | Fine art photography print by Wolf Schram

Central Park, Manhattan, New York City, USA

Museum-quality prints on canvas, metal, acrylic, and fine art paper. Free US shipping. C2PA verified -- NOT AI generated.

Shop prints: https://www.etsy.com/shop/Archive35Photo
License: https://archive-35.com/licensing.html

#fineart #photography #wallart #homedecor #landscapephotography #central",https://www.etsy.com/shop/Archive35Photo,Urban Photography | Modern Wall Art
02_Social/pinterest/pins/pin_002.jpg,Desert Dunes: Vast Solitude ,"Desert Dunes: Vast Solitude  | Fine art photography print by Wolf Schram

southern California 

Museum-quality prints on canvas, metal, acrylic, and fine art paper. Free US shipping. C2PA verified -- NOT AI generated.

Shop prints: https://www.etsy.com/shop/Archive35Photo
License: https://archive-35.com/licensing.html

#fineart #photography #wallart #homedecor #landscapephotography #southern",https://www.etsy.com/shop/Archive35Photo,Desert Photography | Minimalist Art
02_Social/pinterest/pins/pin_003.jpg,Alpine Lake with Granite Peak,"Alpine Lake with Granite Peak | Fine art photography print by Wolf Schram

Colorado 

Museum-quality prints on canvas, metal, acrylic, and fine art paper. Free US shipping. C2PA verified -- NOT AI generated.

Shop prints: https://www.etsy.com/shop/Archive35Photo
License: https://archive-35.com/licensing.html

#fineart #photography #wallart #homedecor #landscapephotography #colorado",https://www.etsy.com/shop/Archive35Photo,Landscape Photography Prints | Fine Art Wall Decor
02_Social/pinterest/pins/pin_004.jpg,Mountain Valley in Perpetual Green,"Mountain Valley in Perpetual Green | Fine art photography print by Wolf Schram

Colorado 

Museum-quality prints on canvas, metal, acrylic, and fine art paper. Free US shipping. C2PA verified -- NOT AI generated.

Shop prints: https://www.etsy.com/shop/Archive35Photo
License: https://archive-35.com/licensing.html

#fineart #photography #wallart #homedecor #landscapephotography #colorado",https://www.etsy.com/shop/Archive35Photo,Landscape Photography Prints | Fine Art Wall Decor
02_Social/pinterest/pins/pin_005.jpg,Lava Fields Under Dramatic Sky,"Lava Fields Under Dramatic Sky | Fine art photography print by Wolf Schram

Eldhraun or Mývatn lava fields, Iceland

Museum-quality prints on canvas, metal, acrylic, and fine art paper. Free US shipping. C2PA verified -- NOT AI generated.

Shop prints: https://www.etsy.com/shop/Archive35Photo
License: https://archive-35.com/licensing.html

#fineart #photography #wallart #homedecor #landscapephotography #eldhraun",https://www.etsy.com/shop/Archive35Photo,Iceland Photography | Nature Wall Art
02_Social/pinterest/pins/pin_006.jpg,Light and Shadow,"Light and Shadow | Fine art photography print by Wolf Schram

Iceland 

Museum-quality prints on canvas, metal, acrylic, and fine art paper. Free US shipping. C2PA verified -- NOT AI generated.

Shop prints: https://www.etsy.com/shop/Archive35Photo
License: https://archive-35.com/licensing.html

#fineart #photography #wallart #homedecor #landscapephotography #iceland",https://www.etsy.com/shop/Archive35Photo,Iceland Photography | Nature Wall Art
02_Social/pinterest/pins/pin_007.jpg,Moss-Draped Lava Fields,"Moss-Draped Lava Fields | Fine art photography print by Wolf Schram

Eldhraun Lava Field, South Iceland

Museum-quality prints on canvas, metal, acrylic, and fine art paper. Free US shipping. C2PA verified -- NOT AI generated.

Shop prints: https://www.etsy.com/shop/Archive35Photo
License: https://archive-35.com/licensing.html

#fineart #photography #wallart #homedecor #landscapephotography #eldhraun",https://www.etsy.com/shop/Archive35Photo,Iceland Photography | Nature Wall Art
02_Social/pinterest/pins/pin_008.jpg,Glacial Torrent Through Primordial Landscape,"Glacial Torrent Through Primordial Landscape | Fine art photography print by Wolf Schram

Áfangaskógur area, Skaftafell region, Vatnajökull National Park, Iceland

Museum-quality prints on canvas, metal, acrylic, and fine art paper. Free US shipping. C2PA verified -- NOT AI generated.

Shop prints: https://www.etsy.com/shop/Archive35Photo
License: https://archive-35.com/licensing.html

#fineart #photography #wallart #homedecor #landscapephotography #áfangaskógur",https://www.etsy.com/shop/Archive35Photo,Iceland Photography | Nature Wall Art
02_Social/pinterest/pins/pin_009.jpg,Gullfoss: Power and Verdant Silence,"Gullfoss: Power and Verdant Silence | Fine art photography print by Wolf Schram

Gullfoss, Hvítá River, Golden Circle, South Iceland

Museum-quality prints on canvas, metal, acrylic, and fine art paper. Free US shipping. C2PA verified -- NOT AI generated.

Shop prints: https://www.etsy.com/shop/Archive35Photo
License: https://archive-35.com/licensing.html

#fineart #photography #wallart #homedecor #landscapephotography #gullfoss",https://www.etsy.com/shop/Archive35Photo,Iceland Photography | Nature Wall Art
02_Social/pinterest/pins/pin_010.jpg,Shipwreck's Silent Testament,"Shipwreck's Silent Testament | Fine art photography print by Wolf Schram

Iceland 

Museum-quality prints on canvas, metal, acrylic, and fine art paper. Free US shipping. C2PA verified -- NOT AI generated.

Shop prints: https://www.etsy.com/shop/Archive35Photo
License: https://archive-35.com/licensing.html

#fineart #photography #wallart #homedecor #landscapephotography #iceland",https://www.etsy.com/shop/Archive35Photo,Iceland Photography | Nature Wall Art
02_Social/pinterest/pins/pin_011.jpg,Seljalandsfoss in Emerald Stillness,"Seljalandsfoss in Emerald Stillness | Fine art photography print by Wolf Schram

Seljalandsfoss, South Iceland (Suðurland region)

Museum-quality prints on canvas, metal, acrylic, and fine art paper. Free US shipping. C2PA verified -- NOT AI generated.

Shop prints: https://www.etsy.com/shop/Archive35Photo
License: https://archive-35.com/licensing.html

#fineart #photography #wallart #homedecor #landscapephotography #seljalandsfoss",https://www.etsy.com/shop/Archive35Photo,Iceland Photography | Nature Wall Art
02_Social/pinterest/pins/pin_012.jpg,Seljalandsfoss: Behind the Veil,"Seljalandsfoss: Behind the Veil | Fine art photography print by Wolf Schram

Seljalandsfoss, South Iceland

Museum-quality prints on canvas, metal, acrylic, and fine art paper. Free US shipping. C2PA verified -- NOT AI generated.

Shop prints: https://www.etsy.com/shop/Archive35Photo
License: https://archive-35.com/licensing.html

#fineart #photography #wallart #homedecor #landscapephotography #seljalandsfoss",https://www.etsy.com/shop/Archive35Photo,Iceland Photography | Nature Wall Art
02_Social/pinterest/pins/pin_013.jpg,Seljalandsfoss: Veil of Stone,"Seljalandsfoss: Veil of Stone | Fine art photography print by Wolf Schram

Seljalandsfoss, South Region, Iceland

Museum-quality prints on canvas, metal, acrylic, and fine art paper. Free US shipping. C2PA verified -- NOT AI generated.

Shop prints: https://www.etsy.com/shop/Archive35Photo
License: https://archive-35.com/licensing.html

#fineart #photography #wallart #homedecor #landscapephotography #seljalandsfoss",https://www.etsy.com/shop/Archive35Photo,Iceland Photography | Nature Wall Art
02_Social/pinterest/pins/pin_014.jpg,Skógafoss: Moss and Cascade,"Skógafoss: Moss and Cascade | Fine art photography print by Wolf Schram

Skógafoss, South Region, Iceland

Museum-quality prints on canvas, metal, acrylic, and fine art paper. Free US shipping. C2PA verified -- NOT AI generated.

Shop prints: https://www.etsy.com/shop/Archive35Photo
License: https://archive-35.com/licensing.html

#fineart #photography #wallart #homedecor #landscapephotography #skógafoss",https://www.etsy.com/shop/Archive35Photo,Iceland Photography | Nature Wall Art
02_Social/pinterest/pins/pin_015.jpg,Solitude Across the Black Sand,"Solitude Across the Black Sand | Fine art photography print by Wolf Schram

Mývatn region, North Iceland (black sand plains near Lake Mývatn)

Museum-quality prints on canvas, metal, acrylic, and fine art paper. Free US shipping. C2PA verified -- NOT AI generated.

Shop prints: https://www.etsy.com/shop/Archive35Photo
License: https://archive-35.com/licensing.html

#fineart #photography #wallart #homedecor #landscapephotography #mývatn",https://www.etsy.com/shop/Archive35Photo,Iceland Photography | Nature Wall Art
02_Social/pinterest/pins/pin_016.jpg,Abandoned Aircraft on Black Sand,"Abandoned Aircraft on Black Sand | Fine art photography print by Wolf Schram

Sólheimasandur Black Sand Beach, South Coast, Iceland

Museum-quality prints on canvas, metal, acrylic, and fine art paper. Free US shipping. C2PA verified -- NOT AI generated.

Shop prints: https://www.etsy.com/shop/Archive35Photo
License: https://archive-35.com/licensing.html

#fineart #photography #wallart #homedecor #landscapephotography #sólheimasandur",https://www.etsy.com/shop/Archive35Photo,Iceland Photography | Nature Wall Art
02_Social/pinterest/pins/pin_017.jpg,Glacier Lagoon's Silent Witnesses,"Glacier Lagoon's Silent Witnesses | Fine art photography print by Wolf Schram

Jökulsárlón Glacier Lagoon, Vatnajökull National Park, Iceland

Museum-quality prints on canvas, metal, acrylic, and fine art paper. Free US shipping. C2PA verified -- NOT AI generated.

Shop prints: https://www.etsy.com/shop/Archive35Photo
License: https://archive-35.com/licensing.html

#fineart #photography #wallart #homedecor #landscapephotography #jökulsárlón",https://www.etsy.com/shop/Archive35Photo,Iceland Photography | Nature Wall Art
02_Social/pinterest/pins/pin_018.jpg,Glacier and Moss-Clad Mountain,"Glacier and Moss-Clad Mountain | Fine art photography print by Wolf Schram

Skaftafell, Vatnajökull National Park, Iceland

Museum-quality prints on canvas, metal, acrylic, and fine art paper. Free US shipping. C2PA verified -- NOT AI generated.

Shop prints: https://www.etsy.com/shop/Archive35Photo
License: https://archive-35.com/licensing.html

#fineart #photography #wallart #homedecor #landscapephotography #skaftafell",https://www.etsy.com/shop/Archive35Photo,Iceland Photography | Nature Wall Art
02_Social/pinterest/pins/pin_019.jpg,Iceland's Mirrored Wilderness,"Iceland's Mirrored Wilderness | Fine art photography print by Wolf Schram

Húsavík region, North Iceland

Museum-quality prints on canvas, metal, acrylic, and fine art paper. Free US shipping. C2PA verified -- NOT AI generated.

Shop prints: https://www.etsy.com/shop/Archive35Photo
License: https://archive-35.com/licensing.html

#fineart #photography #wallart #homedecor #landscapephotography #húsavík",https://www.etsy.com/shop/Archive35Photo,Iceland Photography | Nature Wall Art
02_Social/pinterest/pins/pin_020.jpg,Vatnajökull's Distant Reign,"Vatnajökull's Distant Reign | Fine art photography print by Wolf Schram

Skaftafell Region, Vatnajökull National Park, Southeast Iceland

Museum-quality prints on canvas, metal, acrylic, and fine art paper. Free US shipping. C2PA verified -- NOT AI generated.

Shop prints: https://www.etsy.com/shop/Archive35Photo
License: https://archive-35.com/licensing.html

#fineart #photography #wallart #homedecor #landscapephotography #skaftafell",https://www.etsy.com/shop/Archive35Photo,Iceland Photography | Nature Wall Art
02_Social/pinterest/pins/pin_021.jpg,Glacial Lagoon with Floating Ice,"Glacial Lagoon with Floating Ice | Fine art photography print by Wolf Schram

Jökulsárlón Glacier Lagoon, Vatnajökull National Park, southeast Iceland

Museum-quality prints on canvas, metal, acrylic, and fine art paper. Free US shipping. C2PA verified -- NOT AI generated.

Shop prints: https://www.etsy.com/shop/Archive35Photo
License: https://archive-35.com/licensing.html

#fineart #photography #wallart #homedecor #landscapephotography #jökulsárlón",https://www.etsy.com/shop/Archive35Photo,Iceland Photography | Nature Wall Art
02_Social/pinterest/pins/pin_022.jpg,Glacial Lake with Icebergs,"Glacial Lake with Icebergs | Fine art photography print by Wolf Schram

Jökulsárlón Glacial Lagoon, Vatnajökull National Park, Iceland

Museum-quality prints on canvas, metal, acrylic, and fine art paper. Free US shipping. C2PA verified -- NOT AI generated.

Shop prints: https://www.etsy.com/shop/Archive35Photo
License: https://archive-35.com/licensing.html

#fineart #photography #wallart #homedecor #landscapephotography #jökulsárlón",https://www.etsy.com/shop/Archive35Photo,Iceland Photography | Nature Wall Art
02_Social/pinterest/pins/pin_023.jpg,Vestrahorn: Black Sand Cathedral,"Vestrahorn: Black Sand Cathedral | Fine art photography print by Wolf Schram

Vestrahorn (Stokksnes), Southeast Iceland

Museum-quality prints on canvas, metal, acrylic, and fine art paper. Free US shipping. C2PA verified -- NOT AI generated.

Shop prints: https://www.etsy.com/shop/Archive35Photo
License: https://archive-35.com/licensing.html

#fineart #photography #wallart #homedecor #landscapephotography #vestrahorn",https://www.etsy.com/shop/Archive35Photo,Iceland Photography | Nature Wall Art
02_Social/pinterest/pins/pin_024.jpg,Vestrahorn: Mountain and Reflection,"Vestrahorn: Mountain and Reflection | Fine art photography print by Wolf Schram

Vestrahorn (Stokksnes), Southeast Iceland

Museum-quality prints on canvas, metal, acrylic, and fine art paper. Free US shipping. C2PA verified -- NOT AI generated.

Shop prints: https://www.etsy.com/shop/Archive35Photo
License: https://archive-35.com/licensing.html

#fineart #photography #wallart #homedecor #landscapephotography #vestrahorn",https://www.etsy.com/shop/Archive35Photo,Iceland Photography | Nature Wall Art
02_Social/pinterest/pins/pin_025.jpg,Stokksnes: Black Sand Solitude,"Stokksnes: Black Sand Solitude | Fine art photography print by Wolf Schram

Stokksnes, Southeast Iceland

Museum-quality prints on canvas, metal, acrylic, and fine art paper. Free US shipping. C2PA verified -- NOT AI generated.

Shop prints: https://www.etsy.com/shop/Archive35Photo
License: https://archive-35.com/licensing.html

#fineart #photography #wallart #homedecor #landscapephotography #stokksnes",https://www.etsy.com/shop/Archive35Photo,Iceland Photography | Nature Wall Art
02_Social/pinterest/pins/pin_026.jpg,Vestrahorn's Reflection,"Vestrahorn's Reflection | Fine art photography print by Wolf Schram

Vestrahorn (Stokksnes), Southeast Iceland

Museum-quality prints on canvas, metal, acrylic, and fine art paper. Free US shipping. C2PA verified -- NOT AI generated.

Shop prints: https://www.etsy.com/shop/Archive35Photo
License: https://archive-35.com/licensing.html

#fineart #photography #wallart #homedecor #landscapephotography #vestrahorn",https://www.etsy.com/shop/Archive35Photo,Iceland Photography | Nature Wall Art
02_Social/pinterest/pins/pin_027.jpg,Volcanic Wilderness Under Storm,"Volcanic Wilderness Under Storm | Fine art photography print by Wolf Schram

Iceland, Mývatn region lava fields, North Iceland

Museum-quality prints on canvas, metal, acrylic, and fine art paper. Free US shipping. C2PA verified -- NOT AI generated.

Shop prints: https://www.etsy.com/shop/Archive35Photo
License: https://archive-35.com/licensing.html

#fineart #photography #wallart #homedecor #landscapephotography #iceland",https://www.etsy.com/shop/Archive35Photo,Iceland Photography | Nature Wall Art
02_Social/pinterest/pins/pin_028.jpg,Geothermal Vast: Iceland's Steam,"Geothermal Vast: Iceland's Steam | Fine art photography print by Wolf Schram

Námafjall geothermal area, Mývatn region, North Iceland

Museum-quality prints on canvas, metal, acrylic, and fine art paper. Free US shipping. C2PA verified -- NOT AI generated.

Shop prints: https://www.etsy.com/shop/Archive35Photo
License: https://archive-35.com/licensing.html

#fineart #photography #wallart #homedecor #landscapephotography #námafjall",https://www.etsy.com/shop/Archive35Photo,Iceland Photography | Nature Wall Art
02_Social/pinterest/pins/pin_029.jpg,Geothermal Basin in Repose,"Geothermal Basin in Repose | Fine art photography print by Wolf Schram

Námafjall Geothermal Area, Mývatn Region, Iceland

Museum-quality prints on canvas, metal, acrylic, and fine art paper. Free US shipping. C2PA verified -- NOT AI generated.

Shop prints: https://www.etsy.com/shop/Archive35Photo
License: https://archive-35.com/licensing.html

#fineart #photography #wallart #homedecor #landscapephotography #námafjall",https://www.etsy.com/shop/Archive35Photo,Iceland Photography | Nature Wall Art
02_Social/pinterest/pins/pin_030.jpg,Crater's Shadow: Volcanic Geometry,"Crater's Shadow: Volcanic Geometry | Fine art photography print by Wolf Schram

Eldhraun volcanic crater region, Iceland

Museum-quality prints on canvas, metal, acrylic, and fine art paper. Free US shipping. C2PA verified -- NOT AI generated.

Shop prints: https://www.etsy.com/shop/Archive35Photo
License: https://archive-35.com/licensing.html

#fineart #photography #wallart #homedecor #landscapephotography #eldhraun",https://www.etsy.com/shop/Archive35Photo,Iceland Photography | Nature Wall Art
02_Social/pinterest/pins/pin_031.jpg,Godafoss: Where Gods Fall,"Godafoss: Where Gods Fall | Fine art photography print by Wolf Schram

Godafoss Waterfall, Skagaströnd District, North Iceland

Museum-quality prints on canvas, metal, acrylic, and fine art paper. Free US shipping. C2PA verified -- NOT AI generated.

Shop prints: https://www.etsy.com/shop/Archive35Photo
License: https://archive-35.com/licensing.html

#fineart #photography #wallart #homedecor #landscapephotography #godafoss",https://www.etsy.com/shop/Archive35Photo,Iceland Photography | Nature Wall Art
02_Social/pinterest/pins/pin_032.jpg,Distant Mountain Solitude,"Distant Mountain Solitude | Fine art photography print by Wolf Schram

Eastern Iceland, near Skaftafell or Öræfi region, Vatnajökull National Park area Iceland 

Museum-quality prints on canvas, metal, acrylic, and fine art paper. Free US shipping. C2PA verified -- NOT AI generated.

Shop prints: https://www.etsy.com/shop/Archive35Photo
License: https://archive-35.com/licensing.html

#fineart #photography #wallart #homedecor #landscapephotography #eastern",https://www.etsy.com/shop/Archive35Photo,Iceland Photography | Nature Wall Art
02_Social/pinterest/pins/pin_033.jpg,Kirkjufell: Iceland's Iconic Mountain,"Kirkjufell: Iceland's Iconic Mountain | Fine art photography print by Wolf Schram

Kirkjufell, Snæfellsnes Peninsula, Iceland

Museum-quality prints on canvas, metal, acrylic, and fine art paper. Free US shipping. C2PA verified -- NOT AI generated.

Shop prints: https://www.etsy.com/shop/Archive35Photo
License: https://archive-35.com/licensing.html

#fineart #photography #wallart #homedecor #landscapephotography #kirkjufell",https://www.etsy.com/shop/Archive35Photo,Iceland Photography | Nature Wall Art
02_Social/pinterest/pins/pin_034.jpg,Teton Range Winter Expanse,"Teton Range Winter Expanse | Fine art photography print by Wolf Schram

Grand Teton National Park, Jackson Hole Valley, Wyoming, USA

Museum-quality prints on canvas, metal, acrylic, and fine art paper. Free US shipping. C2PA verified -- NOT AI generated.

Shop prints: https://www.etsy.com/shop/Archive35Photo
License: https://archive-35.com/licensing.html

#fineart #photography #wallart #homedecor #landscapephotography #grand",https://www.etsy.com/shop/Archive35Photo,National Park Photography | Mountain Art
02_Social/pinterest/pins/pin_035.jpg,Teton Range Frozen Expanse,"Teton Range Frozen Expanse | Fine art photography print by Wolf Schram

Grand Teton National Park, Jackson Lake, Wyoming, USA

Museum-quality prints on canvas, metal, acrylic, and fine art paper. Free US shipping. C2PA verified -- NOT AI generated.

Shop prints: https://www.etsy.com/shop/Archive35Photo
License: https://archive-35.com/licensing.html

#fineart #photography #wallart #homedecor #landscapephotography #grand",https://www.etsy.com/shop/Archive35Photo,National Park Photography | Mountain Art
02_Social/pinterest/pins/pin_036.jpg,Alpine Sanctuary in Winter Stillness,"Alpine Sanctuary in Winter Stillness | Fine art photography print by Wolf Schram

Oxbow Bend, Snake River, Grand Teton National Park, Wyoming, USA

Museum-quality prints on canvas, metal, acrylic, and fine art paper. Free US shipping. C2PA verified -- NOT AI generated.

Shop prints: https://www.etsy.com/shop/Archive35Photo
License: https://archive-35.com/licensing.html

#fineart #photography #wallart #homedecor #landscapephotography #oxbow",https://www.etsy.com/shop/Archive35Photo,National Park Photography | Mountain Art
02_Social/pinterest/pins/pin_037.jpg,Grand Teton Winter Vastness,"Grand Teton Winter Vastness | Fine art photography print by Wolf Schram

Grand Teton National Park, Wyoming, USA

Museum-quality prints on canvas, metal, acrylic, and fine art paper. Free US shipping. C2PA verified -- NOT AI generated.

Shop prints: https://www.etsy.com/shop/Archive35Photo
License: https://archive-35.com/licensing.html

#fineart #photography #wallart #homedecor #landscapephotography #grand",https://www.etsy.com/shop/Archive35Photo,National Park Photography | Mountain Art
02_Social/pinterest/pins/pin_038.jpg,Stop Before the Peaks,"Stop Before the Peaks | Fine art photography print by Wolf Schram

Grand Teton National Park vicinity, Jackson Hole Valley, Wyoming, USA

Museum-quality prints on canvas, metal, acrylic, and fine art paper. Free US shipping. C2PA verified -- NOT AI generated.

Shop prints: https://www.etsy.com/shop/Archive35Photo
License: https://archive-35.com/licensing.html

#fineart #photography #wallart #homedecor #landscapephotography #grand",https://www.etsy.com/shop/Archive35Photo,National Park Photography | Mountain Art
02_Social/pinterest/pins/pin_039.jpg,Alpine Lake in Winter Silence,"Alpine Lake in Winter Silence | Fine art photography print by Wolf Schram

Jackson Lake, Grand Teton National Park, Wyoming, USA

Museum-quality prints on canvas, metal, acrylic, and fine art paper. Free US shipping. C2PA verified -- NOT AI generated.

Shop prints: https://www.etsy.com/shop/Archive35Photo
License: https://archive-35.com/licensing.html

#fineart #photography #wallart #homedecor #landscapephotography #jackson",https://www.etsy.com/shop/Archive35Photo,National Park Photography | Mountain Art
02_Social/pinterest/pins/pin_040.jpg,Alpine Lake in Winter Silence,"Alpine Lake in Winter Silence | Fine art photography print by Wolf Schram

Jackson Lake, Grand Teton National Park, Wyoming, USA

Museum-quality prints on canvas, metal, acrylic, and fine art paper. Free US shipping. C2PA verified -- NOT AI generated.

Shop prints: https://www.etsy.com/shop/Archive35Photo
License: https://archive-35.com/licensing.html

#fineart #photography #wallart #homedecor #landscapephotography #jackson",https://www.etsy.com/shop/Archive35Photo,National Park Photography | Mountain Art
02_Social/pinterest/pins/pin_041.jpg,Alpine Peaks Over Frozen Waters,"Alpine Peaks Over Frozen Waters | Fine art photography print by Wolf Schram

Colter Bay, Grand Teton National Park, Wyoming, USA

Museum-quality prints on canvas, metal, acrylic, and fine art paper. Free US shipping. C2PA verified -- NOT AI generated.

Shop prints: https://www.etsy.com/shop/Archive35Photo
License: https://archive-35.com/licensing.html

#fineart #photography #wallart #homedecor #landscapephotography #colter",https://www.etsy.com/shop/Archive35Photo,National Park Photography | Mountain Art
02_Social/pinterest/pins/pin_042.jpg,Mormon Row Winter Silhouette,"Mormon Row Winter Silhouette | Fine art photography print by Wolf Schram

Mormon Row Historic District, Grand Teton National Park, Wyoming, USA

Museum-quality prints on canvas, metal, acrylic, and fine art paper. Free US shipping. C2PA verified -- NOT AI generated.

Shop prints: https://www.etsy.com/shop/Archive35Photo
License: https://archive-35.com/licensing.html

#fineart #photography #wallart #homedecor #landscapephotography #mormon",https://www.etsy.com/shop/Archive35Photo,National Park Photography | Mountain Art
02_Social/pinterest/pins/pin_043.jpg,Homestead Beneath the Tetons,"Homestead Beneath the Tetons | Fine art photography print by Wolf Schram

Mormon Row, Grand Teton National Park, Wyoming, USA

Museum-quality prints on canvas, metal, acrylic, and fine art paper. Free US shipping. C2PA verified -- NOT AI generated.

Shop prints: https://www.etsy.com/shop/Archive35Photo
License: https://archive-35.com/licensing.html

#fineart #photography #wallart #homedecor #landscapephotography #mormon",https://www.etsy.com/shop/Archive35Photo,National Park Photography | Mountain Art
02_Social/pinterest/pins/pin_044.jpg,Tetons: Homestead in Winter,"Tetons: Homestead in Winter | Fine art photography print by Wolf Schram

Mormon Row, Grand Teton National Park, Wyoming, USA

Museum-quality prints on canvas, metal, acrylic, and fine art paper. Free US shipping. C2PA verified -- NOT AI generated.

Shop prints: https://www.etsy.com/shop/Archive35Photo
License: https://archive-35.com/licensing.html

#fineart #photography #wallart #homedecor #landscapephotography #mormon",https://www.etsy.com/shop/Archive35Photo,National Park Photography | Mountain Art
02_Social/pinterest/pins/pin_045.jpg,"Winter Expanse, Tetons Beyond","Winter Expanse, Tetons Beyond | Fine art photography print by Wolf Schram

Greater Yellowstone Ecosystem, Jackson Hole Valley, Wyoming, USA

Museum-quality prints on canvas, metal, acrylic, and fine art paper. Free US shipping. C2PA verified -- NOT AI generated.

Shop prints: https://www.etsy.com/shop/Archive35Photo
License: https://archive-35.com/licensing.html

#fineart #photography #wallart #homedecor #landscapephotography #greater",https://www.etsy.com/shop/Archive35Photo,National Park Photography | Mountain Art
02_Social/pinterest/pins/pin_046.jpg,Desert Lake Horizon,"Desert Lake Horizon | Fine art photography print by Wolf Schram

Race track Death Valley National Park, Inyo County, California, USA

Museum-quality prints on canvas, metal, acrylic, and fine art paper. Free US shipping. C2PA verified -- NOT AI generated.

Shop prints: https://www.etsy.com/shop/Archive35Photo
License: https://archive-35.com/licensing.html

#fineart #photography #wallart #homedecor #landscapephotography #race",https://www.etsy.com/shop/Archive35Photo,National Park Photography | Mountain Art
02_Social/pinterest/pins/pin_047.jpg,Lava Fields Beneath Sierra Blanca,"Lava Fields Beneath Sierra Blanca | Fine art photography print by Wolf Schram

Death Valley National Park, Inyo County, California, USA

Museum-quality prints on canvas, metal, acrylic, and fine art paper. Free US shipping. C2PA verified -- NOT AI generated.

Shop prints: https://www.etsy.com/shop/Archive35Photo
License: https://archive-35.com/licensing.html

#fineart #photography #wallart #homedecor #landscapephotography #death",https://www.etsy.com/shop/Archive35Photo,National Park Photography | Mountain Art
02_Social/pinterest/pins/pin_048.jpg,Mesquite Dunes: Shadow and Light,"Mesquite Dunes: Shadow and Light | Fine art photography print by Wolf Schram

Mesquite Flat Sand Dunes, Death Valley National Park, Inyo County, California, USA

Museum-quality prints on canvas, metal, acrylic, and fine art paper. Free US shipping. C2PA verified -- NOT AI generated.

Shop prints: https://www.etsy.com/shop/Archive35Photo
License: https://archive-35.com/licensing.html

#fineart #photography #wallart #homedecor #landscapephotography #mesquite",https://www.etsy.com/shop/Archive35Photo,National Park Photography | Mountain Art
02_Social/pinterest/pins/pin_049.jpg,Golden Hour Over Still Waters,"Golden Hour Over Still Waters | Fine art photography print by Wolf Schram

Los Angeles CA

Museum-quality prints on canvas, metal, acrylic, and fine art paper. Free US shipping. C2PA verified -- NOT AI generated.

Shop prints: https://www.etsy.com/shop/Archive35Photo
License: https://archive-35.com/licensing.html

#fineart #photography #wallart #homedecor #landscapephotography #angeles",https://www.etsy.com/shop/Archive35Photo,Urban Photography | Modern Wall Art
02_Social/pinterest/pins/pin_050.jpg,Desert Road Toward Mountain Light,"Desert Road Toward Mountain Light | Fine art photography print by Wolf Schram

California, USA

Museum-quality prints on canvas, metal, acrylic, and fine art paper. Free US shipping. C2PA verified -- NOT AI generated.

Shop prints: https://www.etsy.com/shop/Archive35Photo
License: https://archive-35.com/licensing.html

#fineart #photography #wallart #homedecor #landscapephotography #california",https://www.etsy.com/shop/Archive35Photo,Desert Photography | Minimalist Art
